Type,Package Version,IP Address,User Agent,Location & Country,Cloud Provider/ISP,Additional Info
javascript,simple-app-theme 1.0.1,34.60.97.44,curl/7.88.1,"Council Bluffs, Iowa, USA",Google,
javascript,simple-app-theme 1.0.1,135.232.20.140,curl/8.9.1,"Virginia, USA",Microsoft,
javascript,simple-app-theme 1.0.1,47.117.14.100,python-requests/2.7.0 CPython/2.7.5 Linux/3.10.0-957.21.3.el7.x86_64,"Shanghai, China",Alibaba/Aliyun,
javascript,simple-app-theme 1.0.1,3.86.167.9,Slackbot-LinkExpanding 1.0 (+https://api.slack.com/robots),"Virginia, USA",AWS,
javascript,simple-app-theme 1.0.1,116.62.22.194,Go-http-client/1.1,"Hangzhou, China",Alibaba/Aliyun,
javascript,simple-app-theme 1.0.1,54.183.227.152,curl/7.81.0,"San Francisco, USA",AWS,
javascript,simple-app-theme 1.0.1,115.190.93.103,curl/7.58.0,"Beijing, China",Volcano Engine Technology Co. Ltd. (ByteDance),
javascript,simple-app-theme 1.0.1,35.239.229.66,curl/7.81.0,"Council Bluffs, Iowa, USA",Google,
javascript,simple-app-theme 1.0.1,18.208.52.97,curl/7.68.0,"Virginia, USA",AWS,
javascript,simple-app-theme 1.0.1,44.222.224.149,Slackbot-LinkExpanding 1.0 (+https://api.slack.com/robots),"Virginia, USA",AWS,
javascript,simple-app-theme 1.0.2,172.253.210.89,-,"Virginia, USA",Google,DNS scan
javascript,simple-app-theme 1.0.2,213.33.190.235,-,"Moscow, Russia",PJSC Vimpelcom/Beeline,DNS scan
javascript,simple-app-theme 1.0.2,47.99.235.5,-,-,Alibaba/Aliyun,DNS scan
javascript,simple-app-theme 1.0.2,172.253.6.18,-,"Hong Kong, China",Google,DNS scan
javascript,simple-app-theme 1.0.2,173.194.103.21,-,"Council Bluffs, Iowa, USA",Google,DNS scan
javascript,simple-app-theme 1.0.2,220.181.94.224,-,"Beijing, China",China Telecom,DNS scan
javascript,simple-app-theme 1.0.3,34.31.144.153,curl/7.88.1,"Council Bluffs, Iowa, USA",Google,
javascript,simple-app-theme 1.0.3,135.232.20.140,curl/8.9.1,"Virginia, USA",Microsoft,
javascript,simple-app-theme 1.0.3,47.117.14.100,python-requests/2.7.0 CPython/2.7.5 Linux/3.10.0-957.21.3.el7.x86_64,"Shanghai, China",Alibaba/Aliyun,
javascript,simple-app-theme 1.0.3,47.106.92.121,lua-resty-http/0.12 (Lua) ngx_lua/14,"Shenzhen, China",Aliyun,
javascript,simple-app-theme 1.0.3,116.62.22.194,Go-http-client/1.1,"Hangzhou, China",Alibaba/Aliyun,
javascript,simple-app-theme 1.0.3,54.85.48.16,Slackbot-LinkExpanding 1.0 (+https://api.slack.com/robots),-,AWS,
javascript,simple-app-theme 1.0.3,54.183.227.152,curl/7.81.0,"San Francisco, USA",AWS,
javascript,simple-app-theme 1.0.3,115.190.93.103,curl/7.58.0,"Beijing, China",Volcano Engine Technology Co. Ltd. (ByteDance),
javascript,simple-app-theme 1.0.3,35.226.70.223,curl/7.81.0,"Council Bluffs, Iowa, USA",Google,
javascript,simple-app-theme 1.0.3,213.33.190.133,curl/7.29.0,"Moscow, Russia",PJSC Vimpelcom/Beeline,
javascript,simple-app-theme 1.0.3,195.68.142.28,curl/7.55.1,"Moscow, Russia",PJSC Vimpelcom/Beeline,
javascript,simple-app-theme 1.0.3,213.33.190.31,curl/7.55.1,"Moscow, Russia",PJSC Vimpelcom/Beeline,
javascript,simple-app-theme 1.0.3,201.190.117.169,"Mozilla/5.0 (Macintosh; Intel Mac OS X 10_15_7) AppleWebKit/537.36 (KHTML, like Gecko) Chrome/141.0.0.0 Safari/537.36","Armenia, Colombia",EPM Telecomunicaciones,
javascript,simple-app-theme 1.0.4,120.27.193.30,curl/7.88.1,"Hangzhou, China",Aliyun/Hangzhou Alibaba Advertising Co,"hostname: cba451954d45, user: root, pwd: /home/node/node_modules/simple-app-theme"
javascript,simple-app-theme 1.0.4,116.62.22.194,Go-http-client/1.1,"Hangzhou, China",Aliyun/Hangzhou Alibaba Advertising Co,
javascript,simple-app-theme 1.0.4,135.232.20.140,curl/8.9.1,"Virginia, USA",Microsoft,
javascript,simple-app-theme 1.0.4,13.220.68.182,Slackbot-LinkExpanding 1.0,"Virginia, USA",AWS,
javascript,simple-app-theme 1.0.4,115.190.93.103,curl/7.58.0,"Beijing, China",Beijing Volcano Engine Technology Co. Ltd.,"hostname: y, user: root, pwd: /tmphQYjpw/node_modules/simple-app-theme"
javascript,simple-app-theme 1.0.4,35.226.70.223,curl/7.81.0,"Council Bluffs, Iowa, USA",Google,"hostname: 290bdcbfa41b, user: root, pwd: /app/node_modules/simple-app-theme"
javascript,simple-app-theme 1.0.4,204.236.139.248,curl/7.81.0,"San Francisco, USA",AWS,"hostname: -, user: root, pwd: /root/node_modules/simple-app-theme"
javascript,simple-app-theme 1.0.4,34.122.41.132,curl/7.88.1,"Council Bluffs, Iowa, USA",Google,"hostname: 1b21cccc0163, user: root, pwd: /app/node_modules/simple-app-theme"
javascript,simple-app-theme 1.0.4,18.208.52.97,curl/7.68.0,"Virginia, USA",AWS,"hostname: instance, user: v264197B, pwd: /v264197B/node_modules/simple-app-theme"
javascript,simple-app-theme 1.0.4,194.154.78.201,curl/7.55.1,"Moscow, Russia",PJSC Vimpelcom/Beeline,
javascript,simple-app-theme 1.0.4,195.239.51.87,curl/7.29.0,"Moscow, Russia",PJSC Vimpelcom/Beeline,
javascript,simple-app-theme 1.0.4,195.239.51.26,curl/7.29.0,"Moscow, Russia",PJSC Vimpelcom/Beeline,"hostname: centos, user: root, pwd: /root/rqxQTUHPVUTejORgpWQy/node_modules/simple-app"
javascript,simple-app-theme 1.0.4,79.104.209.9,curl/7.55.1,"Moscow, Russia",PJSC Vimpelcom/Beeline,
javascript,simple-app-theme 1.0.4,213.33.190.247,curl/7.55.1,"Moscow, Russia",PJSC Vimpelcom/Beeline,
javascript,simple-app-theme 1.0.4,103.102.202.160,curl/7.29.0,"Beijing, China","Reach Best Co., Ltd",
javascript,simple-app-theme 1.0.4,34.251.76.104,curl/7.88.1,"Dublin, Ireland",AWS,"hostname: aa2703a6988f, user: root, pwd: /build/node_modules/simple-app-theme"
javascript,simple-app-theme 1.0.4,103.100.209.111,Mozilla/5.0 (Windows NT 10.0; Win64; x64) AppleWebKit/537.36,"Hong Kong, China",Yisu Cloud LTD,
javascript,simple-app-theme 1.0.4,43.139.173.76,curl/7.29.0,"Guangzhou, China",Tencent Cloud,"hostname: afed0bfde0de, user: root, pwd: /opt/hscan-supplychain-dynamic/node_modules/simple"
javascript,simple-app-theme 1.0.4,81.71.76.30,curl/7.29.0,"Guangzhou, China",Tencent Cloud,
javascript,simple-app-theme 1.0.4,175.178.28.51,curl/7.29.0,"Guangzhou, China",Tencent Cloud,
javascript,simple-scr version 1.0.0,77.232.40.177,Go-http-client/2.0,Germany,Hetzner,"hostname: centos, user: root, pwd: /root/rqxQTUHPVUTejORgpWQy/node_modules/simple-app"
javascript,simple-scr version 1.0.0,79.104.209.9,curl/7.55.1,"Moscow, Russia",PJSC Vimpelcom/Beeline,
javascript,simple-scr version 1.0.0,213.33.190.247,curl/7.55.1,"Moscow, Russia",PJSC Vimpelcom/Beeline,
javascript,simple-scr version 1.0.0,103.102.202.160,curl/7.29.0,"Beijing, China","Reach Best Co., Ltd",
javascript,simple-scr version 1.0.0,34.251.76.104,curl/7.88.1,"Dublin, Ireland",AWS,"hostname: aa2703a6988f, user: root, pwd: /build/node_modules/simple-app-theme"
javascript,simple-scr version 1.0.0,103.100.209.111,"Mozilla/5.0 (Windows NT 10.0; Win64; x64) AppleWebKit/537.36 (KHTML, like Gecko) Chrome/58.0.3029.110 Safari/537.3","Hong Kong, China",Yisu Cloud LTD,
javascript,simple-scr version 1.0.0,43.139.173.76,curl/7.29.0,"Guangzhou, China",Tencent Cloud,"hostname: afed0bfde0de, user: root, pwd: /opt/hscan-supplychain-dynamic/node_modules/simple"
javascript,simple-scr version 1.0.0,81.71.76.30,curl/7.29.0,"Guangzhou, China",Tencent Cloud,
javascript,simple-scr version 1.0.0,175.178.28.51,curl/7.29.0,"Guangzhou, China",Tencent Cloud,
dns,simple-scr-app version 1.0.0 - DNS,internal.amazonaws.com,-,-,AWS,Triggered 3 minutes after publish
dns,simple-scr-app version 1.0.0 - DNS,185.64.135.248,-,Switzerland,ReversingLabs,